{
  "name": "vecAssembler_015f51472eb8",
  "shape": {
    "inputs": [{
      "port": "input0",
      "name": "content_type_vector"
    }, {
      "port": "input1",
      "name": "ctr_bucket"
    }, {
      "port": "input2",
      "name": "user_item_click"
    }, {
      "port": "input3",
      "name": "user_item_imp"
    }, {
      "port": "input4",
      "name": "is_new_user"
    }, {
      "port": "input5",
      "name": "embedding_inner_product"
    }],
    "outputs": [{
      "port": "output",
      "name": "vectorFeature"
    }]
  }
}